,season,UniqueID,SVL,Sex,RS,PosID,Plot,date,SurveyNum
1,Early_2017,BxBO_R1,44,F,R,2,R1,4/9/2017,1
2,Early_2017,xBBY_R1,49.5,F,R,2,R1,4/9/2017,1
3,Early_2017,xRxB_R1,42,F,R,2,R1,4/9/2017,1
4,Early_2017,xxBB_R1,47,F,R,2,R1,4/9/2017,1
5,Early_2017,xxBO_R1,35,F,R,2,R1,4/9/2017,1
6,Early_2017,xxBR_R1,41.99,M,R,2,R1,4/9/2017,1
7,Early_2017,xxBx_R1,32,U,R,2,R1,4/9/2017,1
8,Early_2017,xxOB_R1,44,F,R,2,R1,4/9/2017,1
9,Early_2017,xxRx_R1,28,U,R,2,R1,4/9/2017,1
10,Early_2017,xxxB_R1,23.5,F,R,2,R1,4/9/2017,1
11,Early_2017,xxxO_R1,23,U,R,2,R1,4/9/2017,1
12,Early_2017,xxxR_R1,30.5,M,R,2,R1,4/9/2017,1
13,Early_2017,xxxY_R1,31.75,F,R,2,R1,4/9/2017,1
14,Early_2017,xxYB_R1,36.5,M,R,2,R1,4/9/2017,1
15,Early_2017,xxYO_R1,27,U,R,2,R1,4/9/2017,1
16,Early_2017,xxYR_R1,29.5,U,R,2,R1,4/9/2017,1
17,Early_2017,xxYx_R1,32.5,U,R,2,R1,4/9/2017,1
18,Early_2017,xxYY_R1,24.5,U,R,2,R1,4/9/2017,1
19,Early_2017,xYBO_R1,38,M,R,2,R1,4/9/2017,1
20,Early_2017,xYYB_R1,44,F,R,2,R1,4/9/2017,1
21,Early_2017,xYYO_R1,40,F,R,2,R1,4/9/2017,1
22,Early_2017,xYYR_R1,31,U,R,2,R1,4/9/2017,1
23,Early_2017,xYYY_R1,36.5,U,R,2,R1,4/9/2017,1
24,Early_2017,YOYx_R1,37,F,R,2,R1,4/9/2017,1
25,Late_2017,BxBx_R1,42.91,M,R,2,R1,11/12/2017,2
26,Late_2017,BxOx_R1,41.745,M,R,2,R1,11/12/2017,2
27,Late_2017,BxRx_R1,38.89,F,R,2,R1,11/12/2017,2
28,Late_2017,BxxB_R1,36.13,F,R,2,R1,11/12/2017,2
30,Late_2017,BxxR_R1,41.925,F,R,2,R1,11/12/2017,2
31,Late_2017,BxxY_R1,40.63833333,F,R,2,R1,11/12/2017,2
32,Late_2017,BxYx_R1,41.225,F,R,2,R1,11/12/2017,2
33,Late_2017,OBxx_R1,39.915,M,R,2,R1,11/12/2017,2
34,Late_2017,OxOx_R1,36.1,U,R,2,R1,11/12/2017,2
35,Late_2017,OxYx_R1,30.775,F,R,2,R1,11/12/2017,2
36,Late_2017,RRxx_R1,27.525,U,R,2,R1,11/12/2017,2
37,Late_2017,RxRB_R1,38.5,M,R,2,R1,11/12/2017,2
38,Late_2017,RxRO_R1,35.5,M,R,2,R1,11/12/2017,2
39,Late_2017,RxRR_R1,35.5,F,R,2,R1,11/12/2017,2
40,Late_2017,xBBB_R1,33,F,R,2,R1,11/12/2017,2
41,Late_2017,xBBY_R1,49.5,F,R,2,R1,11/12/2017,2
42,Late_2017,xBOx_R1,36.35,F,R,2,R1,11/12/2017,2
43,Late_2017,xBRx_R1,30.25,F,R,2,R1,11/12/2017,2
44,Late_2017,xBxB_R1,36.6675,U,R,2,R1,11/12/2017,2
45,Late_2017,xBxO_R1,32.3,M,R,2,R1,11/12/2017,2
46,Late_2017,xBxY_R1,33.85,M,R,2,R1,11/12/2017,2
47,Late_2017,xOOB_R1,37.47,F,R,2,R1,11/12/2017,2
48,Late_2017,xOOO_R1,34.635,M,R,2,R1,11/12/2017,2
49,Late_2017,xOOR_R1,33.36,M,R,2,R1,11/12/2017,2
50,Late_2017,xOOY_R1,39.405,M,R,2,R1,11/12/2017,2
51,Late_2017,xORB_R1,43.1375,,R,2,R1,11/12/2017,2
52,Late_2017,xORO_R1,37.4475,F,R,2,R1,11/12/2017,2
53,Late_2017,xORR_R1,42.1575,F,R,2,R1,11/12/2017,2
54,Late_2017,xORY_R1,42.68,M,R,2,R1,11/12/2017,2
55,Late_2017,xOYB_R1,40.375,F,R,2,R1,11/12/2017,2
56,Late_2017,xOYR_R1,31.39,F,R,2,R1,11/12/2017,2
57,Late_2017,xOYY_R1,33.25,F,R,2,R1,11/12/2017,2
58,Late_2017,xRRR_R1,36.65,M,R,2,R1,11/12/2017,2
59,Late_2017,xRxB_R1,42,F,R,2,R1,11/12/2017,2
60,Late_2017,xRYB_R1,39.63,F,R,2,R1,11/12/2017,2
61,Late_2017,xxBO_R1,36.7875,F,R,2,R1,11/12/2017,2
62,Late_2017,xxBR_R1,41.99,M,R,2,R1,11/12/2017,2
63,Late_2017,xxBY_R1,34.85,F,R,2,R1,11/12/2017,2
64,Late_2017,xxxB_R1,36.235,F,R,2,R1,11/12/2017,2
65,Late_2017,xxxR_R1,39.145,M,R,2,R1,11/12/2017,2
66,Late_2017,xxxY_R1,36.5075,F,R,2,R1,11/12/2017,2
67,Late_2017,xxYB_R1,41.3,M,R,2,R1,11/12/2017,2
68,Late_2017,xYBO_R1,42.8,M,R,2,R1,11/12/2017,2
69,Late_2017,xYBR_R1,32.5,U,R,2,R1,11/12/2017,2
70,Late_2017,xYBx_R1,31.185,F,R,2,R1,11/12/2017,2
71,Late_2017,xYOB_R1,35.7575,M,R,2,R1,11/12/2017,2
72,Late_2017,xYOx_R1,38.725,F,R,2,R1,11/12/2017,2
73,Late_2017,xYOY_R1,34.5,U,R,2,R1,11/12/2017,2
74,Late_2017,xYRx_R1,31.5,U,R,2,R1,11/12/2017,2
75,Late_2017,xYxY_R1,34,F,R,2,R1,11/12/2017,2
76,Late_2017,xYYB_R1,44,F,R,2,R1,11/12/2017,2
77,Late_2017,xYYx_R1,35,F,R,2,R1,11/12/2017,2
78,Late_2017,YBxx_R1,37.695,F,R,2,R1,11/12/2017,2
79,Late_2017,YOYx_R1,40.6,F,R,2,R1,11/12/2017,2
80,Early_2018,BxOx_R1,41.745,M,R,2,R1,4/8/2018,3
81,Early_2018,OxxO_R1,31.87,M,R,2,R1,4/8/2018,3
82,Early_2018,OxxR_R1,45.65,F,R,2,R1,4/8/2018,3
83,Early_2018,RBxx_R1,37.8,F,R,2,R1,4/8/2018,3
84,Early_2018,RxxO_R1,37.6,U,R,2,R1,4/8/2018,3
85,Early_2018,RxxR_R1,42.57,M,R,2,R1,4/8/2018,3
86,Early_2018,RxxY_R1,41.18,F,R,2,R1,4/8/2018,3
87,Early_2018,xBBx_R1,35.18,M,R,2,R1,4/8/2018,3
88,Early_2018,xBOx_R1,38.37,M,R,2,R1,4/8/2018,3
89,Early_2018,xBRx_R1,37.16,F,R,2,R1,4/8/2018,3
90,Early_2018,xBxB_R1,36.6675,M,R,2,R1,4/8/2018,3
91,Early_2018,xBxY_R1,41.98,M,R,2,R1,4/8/2018,3
92,Early_2018,xBYx_R1,43.37,F,R,2,R1,4/8/2018,3
93,Early_2018,xOOO_R1,37.65,M,R,2,R1,4/8/2018,3
94,Early_2018,xOYY_R1,31.53,F,R,2,R1,4/8/2018,3
95,Early_2018,xRRR_R1,40.34,M,R,2,R1,4/8/2018,3
96,Early_2018,xxOY_R1,41.46,F,R,2,R1,4/8/2018,3
98,Early_2018,xxxY_R1,40.65,F,R,2,R1,4/8/2018,3
99,Early_2018,xYOO_R1,42.37,M,R,2,R1,4/8/2018,3
100,Early_2018,xYOx_R1,42.81,F,R,2,R1,4/8/2018,3
101,Early_2018,xYYB_R1,47.65,F,R,2,R1,4/8/2018,3
102,Early_2018,YBRx_R1,44.94,F,R,2,R1,4/8/2018,3
103,Early_2018,YOYY_R1,45.87,F,R,2,R1,4/8/2018,3
104,Late_2018,BRxx_R1,41.18,F,R,2,R1,11/11/2018,4
105,Late_2018,BxxR_R1,49.01,F,R,2,R1,11/11/2018,4
106,Late_2018,OxRB_R1,37.08,U,R,2,R1,11/11/2018,4
107,Late_2018,OxRO_R1,30.48,M,R,2,R1,11/11/2018,4
108,Late_2018,OxRx_R1,30.33,M,R,2,R1,11/11/2018,4
109,Late_2018,OxxO_R1,38.77,M,R,2,R1,11/11/2018,4
110,Late_2018,OxxR_R1,45.65,F,R,2,R1,11/11/2018,4
111,Late_2018,Oxxx_R1,35.04,M,R,2,R1,11/11/2018,4
112,Late_2018,OxxY_R1,30.98,U,R,2,R1,11/11/2018,4
113,Late_2018,ROBx_R1,28.08,U,R,2,R1,11/11/2018,4
114,Late_2018,ROxB_R1,42.92,M,R,2,R1,11/11/2018,4
115,Late_2018,ROxO_R1,40.52,F,R,2,R1,11/11/2018,4
116,Late_2018,ROxR_R1,29.37,U,R,2,R1,11/11/2018,4
117,Late_2018,ROxY_R1,40.77,M,R,2,R1,11/11/2018,4
118,Late_2018,ROYx_R1,38.78,F,R,2,R1,11/11/2018,4
119,Late_2018,RRBx_R1,39.02,M,R,2,R1,11/11/2018,4
120,Late_2018,RRYx_R1,40.7,M,R,2,R1,11/11/2018,4
121,Late_2018,RxBO_R1,39.09,F,R,2,R1,11/11/2018,4
122,Late_2018,RxOO_R1,35.86,F,R,2,R1,11/11/2018,4
123,Late_2018,RxOR_R1,33.26,U,R,2,R1,11/11/2018,4
124,Late_2018,RxRY_R1,41.43,M,R,2,R1,11/11/2018,4
125,Late_2018,RxxR_R1,42.57,M,R,2,R1,11/11/2018,4
126,Late_2018,xBBB_R1,38.74,F,R,2,R1,11/11/2018,4
127,Late_2018,xBBx_R1,43.89,M,R,2,R1,11/11/2018,4
128,Late_2018,xBRx_R1,45.05,F,R,2,R1,11/11/2018,4
129,Late_2018,xOBO_R1,40.47,M,R,2,R1,11/11/2018,4
130,Late_2018,xOBR_R1,43,F,R,2,R1,11/11/2018,4
131,Late_2018,xOOO_R1,41.28,M,R,2,R1,11/11/2018,4
132,Late_2018,xORB_R1,44.31,F,R,2,R1,11/11/2018,4
133,Late_2018,xORR_R1,47.97,F,R,2,R1,11/11/2018,4
134,Late_2018,xOYO_R1,31.36,U,R,2,R1,11/11/2018,4
135,Late_2018,xOYY_R1,37.565,F,R,2,R1,11/11/2018,4
136,Late_2018,xRBO_R1,41.7,M,R,2,R1,11/11/2018,4
137,Late_2018,xRBR_R1,40.55,M,R,2,R1,11/11/2018,4
138,Late_2018,xRBY_R1,33.34,U,R,2,R1,11/11/2018,4
139,Late_2018,xRRR_R1,40.34,M,R,2,R1,11/11/2018,4
140,Late_2018,xRxR_R1,37.18,M,R,2,R1,11/11/2018,4
141,Late_2018,xxBO_R1,40.19,F,R,2,R1,11/11/2018,4
142,Late_2018,xxOx_R1,42.06,M,R,2,R1,11/11/2018,4
143,Late_2018,xYBO_R1,43,M,R,2,R1,11/11/2018,4
144,Late_2018,YOYY_R1,45.87,F,R,2,R1,11/11/2018,4
145,Early_2019,RBOx_R1,26.99,U,R,2,R1,4/6/2019,5
146,Early_2019,xRRR_R1,43.65,M,R,2,R1,4/6/2019,5
147,Early_2019,YxOB_R1,36.6,U,R,2,R1,4/6/2019,5
148,Early_2019,YxOO_R1,45.84,F,R,2,R1,4/6/2019,5
149,Early_2019,YxOR_R1,42.92,M,R,2,R1,4/6/2019,5
150,Early_2019,YxOY_R1,42.18,F,R,2,R1,4/6/2019,5
151,Early_2019,YxRB_R1,36.79,U,R,2,R1,4/6/2019,5
152,Early_2019,YxRO_R1,32.8,U,R,2,R1,4/6/2019,5
153,Early_2019,YxRY_R1,31.42,F,R,2,R1,4/6/2019,5
154,Late_2019,BOBx_R1,35.18,F,R,2,R1,11/2/2019,6
155,Late_2019,BOYx_R1,39.33,F,R,2,R1,11/2/2019,6
156,Late_2019,BYxB_R1,39.02,M,R,2,R1,11/2/2019,6
157,Late_2019,BYxO_R1,39.65,M,R,2,R1,11/2/2019,6
158,Late_2019,BYxR_R1,34.52,F,R,2,R1,11/2/2019,6
159,Late_2019,BYxY_R1,25.32,U,R,2,R1,11/2/2019,6
160,Late_2019,OxRB_R1,37.08,,R,2,R1,11/2/2019,6
161,Late_2019,OxxO_R1,41.72,M,R,2,R1,11/2/2019,6
162,Late_2019,RYOY_R1,41.13,F,R,2,R1,11/2/2019,6
163,Late_2019,RYxB_R1,30.73,U,R,2,R1,11/2/2019,6
164,Late_2019,xORR_R1,47.97,F,R,2,R1,11/2/2019,6
165,Late_2019,xRRR_R1,43.65,M,R,2,R1,11/2/2019,6
166,Late_2019,xxRR_R1,41.83,M,R,2,R1,11/2/2019,6
167,Late_2019,YRxB_R1,40.72,F,R,2,R1,11/2/2019,6
168,Late_2019,YRxR_R1,29.7,U,R,2,R1,11/2/2019,6
169,Late_2019,YRxY_R1,38,U,R,2,R1,11/2/2019,6
170,Late_2019,YxBB_R1,32.44,F,R,2,R1,11/2/2019,6
171,Late_2019,YxBO_R1,42.89,F,R,2,R1,11/2/2019,6
172,Late_2019,YxBR_R1,32.49,F,R,2,R1,11/2/2019,6
173,Late_2019,YxBY_R1,16.025,F,R,2,R1,11/2/2019,6
174,Late_2019,YxOO_R1,45.84,F,R,2,R1,11/2/2019,6
175,Late_2019,YxRB_R1,36.9,U,R,2,R1,11/2/2019,6
176,Late_2019,YxRO_R1,33.59,U,R,2,R1,11/2/2019,6
177,Late_2019,YxRY_R1,32.07,F,R,2,R1,11/2/2019,6
178,Late_2019,YxYB_R1,32.395,U,R,2,R1,11/2/2019,6
179,Late_2019,YxYO_R1,33.02,F,R,2,R1,11/2/2019,6
180,Late_2019,YxYR_R1,27.34,F,R,2,R1,11/2/2019,6
181,Early_2017,BxBO_R2,41,F,R,2,R2,4/9/2017,1
182,Early_2017,Oxxx_R2,38,F,R,2,R2,4/9/2017,1
183,Early_2017,Rxxx_R2,26,U,R,2,R2,4/9/2017,1
184,Early_2017,xBxR_R2,37,U,R,2,R2,4/9/2017,1
185,Early_2017,xBxx_R2,28,U,R,2,R2,4/9/2017,1
186,Early_2017,xOxR_R2,32.5,M,R,2,R2,4/9/2017,1
188,Early_2017,xRRx_R2,26.5,U,R,2,R2,4/9/2017,1
189,Early_2017,xRxB_R2,36,F,R,2,R2,4/9/2017,1
190,Early_2017,xRxO_R2,36,F,R,2,R2,4/9/2017,1
191,Early_2017,xRxR_R2,37.5,F,R,2,R2,4/9/2017,1
192,Early_2017,xRxY_R2,37.5,F,R,2,R2,4/9/2017,1
193,Early_2017,xxOB_R2,45,F,R,2,R2,4/9/2017,1
194,Early_2017,xxOR_R2,39,M,R,2,R2,4/9/2017,1
195,Early_2017,xxOx_R2,32.25,M,R,2,R2,4/9/2017,1
196,Early_2017,xxOY_R2,40.5,F,R,2,R2,4/9/2017,1
197,Early_2017,xxRB_R2,38.5,M,R,2,R2,4/9/2017,1
198,Early_2017,xxRO_R2,37,M,R,2,R2,4/9/2017,1
199,Early_2017,xxRR_R2,40,M,R,2,R2,4/9/2017,1
200,Early_2017,xxRY_R2,30,U,R,2,R2,4/9/2017,1
201,Early_2017,xYxB_R2,31.5,U,R,2,R2,4/9/2017,1
202,Early_2017,xYxO_R2,35.5,F,R,2,R2,4/9/2017,1
203,Early_2017,xYxR_R2,32,M,R,2,R2,4/9/2017,1
204,Early_2017,xYxx_R2,35,F,R,2,R2,4/9/2017,1
205,Early_2017,Yxxx_R2,31.75,F,R,2,R2,4/9/2017,1
206,Late_2017,BOxx_R2,36.34,F,R,2,R2,11/12/2017,2
207,Late_2017,BRxx_R2,41.86,F,R,2,R2,11/12/2017,2
208,Late_2017,BxBO_R2,46.165,F,R,2,R2,11/12/2017,2
209,Late_2017,BxBx_R2,33.42,F,R,2,R2,11/12/2017,2
210,Late_2017,Bxxx_R2,28.5,U,R,2,R2,11/12/2017,2
211,Late_2017,OBxx_R2,35.145,F,R,2,R2,11/12/2017,2
212,Late_2017,OOxx_R2,37.99,M,R,2,R2,11/12/2017,2
213,Late_2017,ORxx_R2,37.06,F,R,2,R2,11/12/2017,2
214,Late_2017,OxBx_R2,33.98,M,R,2,R2,11/12/2017,2
215,Late_2017,Oxxx_R2,38.66,F,R,2,R2,11/12/2017,2
216,Late_2017,OYxx_R2,42.705,F,R,2,R2,11/12/2017,2
217,Late_2017,RBOB_R2,39.585,M,R,2,R2,11/12/2017,2
218,Late_2017,ROxx_R2,38.05833333,F,R,2,R2,11/12/2017,2
219,Late_2017,RRxx_R2,29.79,M,R,2,R2,11/12/2017,2
220,Late_2017,RxBx_R2,41.7825,F,R,2,R2,11/12/2017,2
221,Late_2017,RxxB_R2,34.315,F,R,2,R2,11/12/2017,2
222,Late_2017,RxYx_R2,37.8425,M,R,2,R2,11/12/2017,2
223,Late_2017,RYxx_R2,50.8,M,R,2,R2,11/12/2017,2
224,Late_2017,xBOB_R2,40.5,M,R,2,R2,11/12/2017,2
225,Late_2017,xBOO_R2,41,M,R,2,R2,11/12/2017,2
226,Late_2017,xBOY_R2,36,F,R,2,R2,11/12/2017,2
227,Late_2017,xBxO_R2,36.36,M,R,2,R2,11/12/2017,2
228,Late_2017,xOBR_R2,43.07,F,R,2,R2,11/12/2017,2
229,Late_2017,xOBx_R2,35.105,F,R,2,R2,11/12/2017,2
230,Late_2017,xOBY_R2,40.1,F,R,2,R2,11/12/2017,2
231,Late_2017,xOOx_R2,33.065,M,R,2,R2,11/12/2017,2
232,Late_2017,xORx_R2,31.935,F,R,2,R2,11/12/2017,2
233,Late_2017,xOxB_R2,32.5,F,R,2,R2,11/12/2017,2
234,Late_2017,xOxO_R2,33,U,R,2,R2,11/12/2017,2
235,Late_2017,xOxR_R2,40.36,M,R,2,R2,11/12/2017,2
236,Late_2017,xOxx_R2,27.55,F,R,2,R2,11/12/2017,2
237,Late_2017,xOxY_R2,32.5,F,R,2,R2,11/12/2017,2
238,Late_2017,xRBx_R2,34.83,M,R,2,R2,11/12/2017,2
239,Late_2017,xROB_R2,34.2,F,R,2,R2,11/12/2017,2
240,Late_2017,xROO_R2,30.8,F,R,2,R2,11/12/2017,2
241,Late_2017,xROx_R2,36.485,F,R,2,R2,11/12/2017,2
242,Late_2017,xROY_R2,32.4,F,R,2,R2,11/12/2017,2
243,Late_2017,xRRB_R2,34.9,F,R,2,R2,11/12/2017,2
244,Late_2017,xRRO_R2,37.1,F,R,2,R2,11/12/2017,2
245,Late_2017,xRRY_R2,34.2,F,R,2,R2,11/12/2017,2
246,Late_2017,xRxR_R2,37.5,F,R,2,R2,11/12/2017,2
247,Late_2017,xRYO_R2,39,F,R,2,R2,11/12/2017,2
248,Late_2017,xRYR_R2,31.2,F,R,2,R2,11/12/2017,2
249,Late_2017,xRYx_R2,34.135,F,R,2,R2,11/12/2017,2
250,Late_2017,xRYY_R2,31.54666667,F,R,2,R2,11/12/2017,2
251,Late_2017,xxBR_R2,42.4,M,R,2,R2,11/12/2017,2
252,Late_2017,xxOO_R2,36,F,R,2,R2,11/12/2017,2
253,Late_2017,xxOx_R2,36,M,R,2,R2,11/12/2017,2
254,Late_2017,xxOY_R2,40.5,F,R,2,R2,11/12/2017,2
255,Late_2017,xxRB_R2,41.545,M,R,2,R2,11/12/2017,2
256,Late_2017,xYBY_R2,39.5,F,R,2,R2,11/12/2017,2
257,Late_2017,xYOO_R2,37.5,F,R,2,R2,11/12/2017,2
258,Late_2017,xYxR_R2,33.0425,M,R,2,R2,11/12/2017,2
259,Late_2017,xYxx_R2,35,F,R,2,R2,11/12/2017,2
260,Late_2017,YOxx_R2,37.15666667,F,R,2,R2,11/12/2017,2
261,Late_2017,YRxx_R2,32.2,F,R,2,R2,11/12/2017,2
262,Late_2017,YxBx_R2,29.5,F,R,2,R2,11/12/2017,2
263,Late_2017,YxOx_R2,33.4,M,R,2,R2,11/12/2017,2
264,Late_2017,YxRx_R2,31.5,F,R,2,R2,11/12/2017,2
265,Late_2017,YxxB_R2,37.8,M,R,2,R2,11/12/2017,2
266,Late_2017,YxxR_R2,39.935,F,R,2,R2,11/12/2017,2
267,Late_2017,Yxxx_R2,39.195,M,R,2,R2,11/12/2017,2
268,Late_2017,YxxY_R2,38.9,M,R,2,R2,11/12/2017,2
269,Late_2017,YxYx_R2,27.3,U,R,2,R2,11/12/2017,2
270,Late_2017,YYxx_R2,39.79,F,R,2,R2,11/12/2017,2
271,Early_2018,BxBO_R2,47.12,F,R,2,R2,4/8/2018,3
272,Early_2018,OOxx_R2,37.99,M,R,2,R2,4/8/2018,3
273,Early_2018,RBOB_R2,40.75,M,R,2,R2,4/8/2018,3
274,Early_2018,xBBO_R2,41.93,F,R,2,R2,4/8/2018,3
275,Early_2018,xBBR_R2,41.39,M,R,2,R2,4/8/2018,3
276,Early_2018,xBxO_R2,36.36,M,R,2,R2,4/8/2018,3
277,Early_2018,xBYB_R2,42.79,M,R,2,R2,4/8/2018,3
278,Early_2018,xBYO_R2,48.1,F,R,2,R2,4/8/2018,3
279,Early_2018,xBYR_R2,44.5,F,R,2,R2,4/8/2018,3
280,Early_2018,xBYY_R2,41.13,M,R,2,R2,4/8/2018,3
281,Early_2018,xOBx_R2,35.92,M,R,2,R2,4/8/2018,3
282,Early_2018,xROR_R2,41.855,F,R,2,R2,4/8/2018,3
283,Early_2018,xRYY_R2,32.08,F,R,2,R2,4/8/2018,3
284,Early_2018,YBxx_R2,39.73,M,R,2,R2,4/8/2018,3
285,Early_2018,Yoxx_R2,38.49,F,R,2,R2,4/8/2018,3
286,Early_2018,YxxR_R2,42.51,F,R,2,R2,4/8/2018,3
287,Early_2018,YYxx_R2,43.75,F,R,2,R2,4/8/2018,3
288,Late_2018,BBxx_R2,32.1,U,R,2,R2,11/11/2018,4
289,Late_2018,Boxx_R2,43.84,F,R,2,R2,11/11/2018,4
290,Late_2018,BxBB_R2,37.59,M,R,2,R2,11/11/2018,4
291,Late_2018,BxBO_R2,49.37,F,R,2,R2,11/11/2018,4
292,Late_2018,BxBR_R2,42.28,M,R,2,R2,11/11/2018,4
293,Late_2018,BxBx_R2,34.935,M,R,2,R2,11/11/2018,4
294,Late_2018,BxRB_R2,29.34,U,R,2,R2,11/11/2018,4
295,Late_2018,BxRR_R2,38.87,M,R,2,R2,11/11/2018,4
296,Late_2018,BYxx_R2,29.84,U,R,2,R2,11/11/2018,4
297,Late_2018,OOxx_R2,41.32,M,R,2,R2,11/11/2018,4
298,Late_2018,OYxR_R2,43.78,F,R,2,R2,11/11/2018,4
299,Late_2018,RBOB_R2,42.14,M,R,2,R2,11/11/2018,4
300,Late_2018,RBRY_R2,30.57,U,R,2,R2,11/11/2018,4
301,Late_2018,RBxO_R2,36.83,M,R,2,R2,11/11/2018,4
302,Late_2018,RBxR_R2,33.78,M,R,2,R2,11/11/2018,4
303,Late_2018,RBxY_R2,34.25,F,R,2,R2,11/11/2018,4
304,Late_2018,ROBx_R2,28.29,U,R,2,R2,11/11/2018,4
305,Late_2018,RORx_R2,42.67,M,R,2,R2,11/11/2018,4
306,Late_2018,RRBx_R2,33.27,U,R,2,R2,11/11/2018,4
307,Late_2018,RROx_R2,38.61,M,R,2,R2,11/11/2018,4
308,Late_2018,RRRx_R2,36.55,M,R,2,R2,11/11/2018,4
309,Late_2018,RRxO_R2,37.85,M,R,2,R2,11/11/2018,4
310,Late_2018,RRxR_R2,38.78,M,R,2,R2,11/11/2018,4
311,Late_2018,RRxY_R2,30,M,R,2,R2,11/11/2018,4
312,Late_2018,RxBB_R2,33.27,U,R,2,R2,11/11/2018,4
313,Late_2018,RxBO_R2,38.1,F,R,2,R2,11/11/2018,4
314,Late_2018,RxOB_R2,40.19,F,R,2,R2,11/11/2018,4
315,Late_2018,RxOY_R2,39.94,F,R,2,R2,11/11/2018,4
316,Late_2018,RxRY_R2,40.36,M,R,2,R2,11/11/2018,4
317,Late_2018,RxYO_R2,33.76,M,R,2,R2,11/11/2018,4
318,Late_2018,RxYY_R2,31,U,R,2,R2,11/11/2018,4
319,Late_2018,RYxB_R2,34,M,R,2,R2,11/11/2018,4
320,Late_2018,xBRB_R2,37.45,M,R,2,R2,11/11/2018,4
321,Late_2018,xBRO_R2,34.11,F,R,2,R2,11/11/2018,4
322,Late_2018,xBRR_R2,39.26,M,R,2,R2,11/11/2018,4
323,Late_2018,xBRY_R2,41.42,M,R,2,R2,11/11/2018,4
324,Late_2018,xOBY_R2,40.1,F,R,2,R2,11/11/2018,4
325,Late_2018,xOOR_R2,39.04,F,R,2,R2,11/11/2018,4
326,Late_2018,xORB_R2,35.71,F,R,2,R2,11/11/2018,4
327,Late_2018,xORx_R2,38.86,F,R,2,R2,11/11/2018,4
328,Late_2018,xORY_R2,37.44,M,R,2,R2,11/11/2018,4
329,Late_2018,xOxx_R2,32.73,F,R,2,R2,11/11/2018,4
330,Late_2018,xOxY_R2,37.3,F,R,2,R2,11/11/2018,4
331,Late_2018,xOYB_R2,34.7,F,R,2,R2,11/11/2018,4
332,Late_2018,xRBB_R2,34.97,F,R,2,R2,11/11/2018,4
333,Late_2018,xROR_R2,42.015,F,R,2,R2,11/11/2018,4
334,Late_2018,xRRB_R2,34.9,F,R,2,R2,11/11/2018,4
335,Late_2018,xRxB_R2,44.96,F,R,2,R2,11/11/2018,4
336,Late_2018,xRxR_R2,41.44,F,R,2,R2,11/11/2018,4
337,Late_2018,xRYO_R2,42.72,F,R,2,R2,11/11/2018,4
338,Late_2018,xxOY_R2,41.73,F,R,2,R2,11/11/2018,4
339,Late_2018,xxRB_R2,42.71,M,R,2,R2,11/11/2018,4
340,Late_2018,xxYx_R2,43.82,M,R,2,R2,11/11/2018,4
341,Late_2018,xYBB_R2,35.65,M,R,2,R2,11/11/2018,4
342,Late_2018,xYRB_R2,37.55,M,R,2,R2,11/11/2018,4
343,Late_2018,xYRO_R2,30.72,U,R,2,R2,11/11/2018,4
344,Late_2018,xYRR_R2,41.64333333,F,R,2,R2,11/11/2018,4
345,Late_2018,xYRY_R2,36.48,F,R,2,R2,11/11/2018,4
346,Late_2018,YOxx_R2,40.18,F,R,2,R2,11/11/2018,4
347,Late_2018,YxxB_R2,43.85,M,R,2,R2,11/11/2018,4
348,Late_2018,YxxR_R2,44.19,F,R,2,R2,11/11/2018,4
349,Late_2018,Yxxx_R2,43,F,R,2,R2,11/11/2018,4
350,Early_2019,BxBB_R2,38.27,M,R,2,R2,4/6/2019,5
351,Early_2019,OYxx_R2,47.05,F,R,2,R2,4/6/2019,5
352,Early_2019,RBOx_R2,44.69,F,R,2,R2,4/6/2019,5
353,Early_2019,RBRx_R2,32.8,F,R,2,R2,4/6/2019,5
354,Early_2019,RBxB_R2,38.27,M,R,2,R2,4/6/2019,5
355,Early_2019,RBxY_R2,38.78,F,R,2,R2,4/6/2019,5
356,Early_2019,RBYx_R2,40.61,F,R,2,R2,4/6/2019,5
357,Early_2019,RRRx_R2,37.9,M,R,2,R2,4/6/2019,5
358,Early_2019,RRxB_R2,31.075,U,R,2,R2,4/6/2019,5
359,Early_2019,xOBY_R2,46.42,F,R,2,R2,4/6/2019,5
360,Early_2019,xOxx_R2,40.4,F,R,2,R2,4/6/2019,5
361,Early_2019,xOYB_R2,35.77,F,R,2,R2,4/6/2019,5
362,Early_2019,xRYO_R2,42.87,F,R,2,R2,4/6/2019,5
363,Early_2019,xRYY_R2,34.23,F,R,2,R2,4/6/2019,5
364,Early_2019,YxxR_R2,44.19,F,R,2,R2,4/6/2019,5
365,Late_2019,BxRR_R2,38.87,M,R,2,R2,11/2/2019,6
366,Late_2019,OOxR_R2,29.89,U,R,2,R2,11/2/2019,6
367,Late_2019,OROx_R2,35.38,U,R,2,R2,11/2/2019,6
368,Late_2019,ORRx_R2,38.86,U,R,2,R2,11/2/2019,6
369,Late_2019,ORxO_R2,42.78,F,R,2,R2,11/2/2019,6
370,Late_2019,ORxR_R2,35.12,F,R,2,R2,11/2/2019,6
371,Late_2019,ORXY_R2,35.86,F,R,2,R2,11/2/2019,6
372,Late_2019,ORYx_R2,43.6,F,R,2,R2,11/2/2019,6
373,Late_2019,OxBB_R2,30.47,F,R,2,R2,11/2/2019,6
374,Late_2019,OxBO_R2,37.92,M,R,2,R2,11/2/2019,6
375,Late_2019,OxBR_R2,26.25,U,R,2,R2,11/2/2019,6
376,Late_2019,OxRR_R2,31.43,F,R,2,R2,11/2/2019,6
377,Late_2019,OxYB_R2,30.27,U,R,2,R2,11/2/2019,6
378,Late_2019,OxYO_R2,30.36,U,R,2,R2,11/2/2019,6
379,Late_2019,OxYY_R2,29.77,U,R,2,R2,11/2/2019,6
380,Late_2019,OYxB_R2,36.59,U,R,2,R2,11/2/2019,6
381,Late_2019,OYxO_R2,34.24,U,R,2,R2,11/2/2019,6
382,Late_2019,OYxY_R2,36.76,F,R,2,R2,11/2/2019,6
383,Late_2019,RBRx_R2,32.8,F,R,2,R2,11/2/2019,6
384,Late_2019,RBRY_R2,39.44,F,R,2,R2,11/2/2019,6
385,Late_2019,RBxY_R2,41.45,F,R,2,R2,11/2/2019,6
386,Late_2019,RRRx_R2,37.9,M,R,2,R2,11/2/2019,6
387,Late_2019,RRxB_R2,31.075,U,R,2,R2,11/2/2019,6
388,Late_2019,RRxx_R2,38.05,M,R,2,R2,11/2/2019,6
389,Late_2019,xOxx_R2,40.4,F,R,2,R2,11/2/2019,6
390,Late_2019,xOYB_R2,36.57,F,R,2,R2,11/2/2019,6
391,Late_2019,xOYx_R2,37.58,F,R,2,R2,11/2/2019,6
392,Late_2019,xROR_R2,42.28333333,F,R,2,R2,11/2/2019,6
393,Late_2019,xRxB_R2,44.96,F,R,2,R2,11/2/2019,6
394,Late_2019,xRYY_R2,34.23,F,R,2,R2,11/2/2019,6
395,Late_2019,YOOx_R2,41.7,U,R,2,R2,11/2/2019,6
396,Late_2019,YORx_R2,41.93,F,R,2,R2,11/2/2019,6
397,Late_2019,YRxO_R2,34.25,U,R,2,R2,11/2/2019,6
398,Late_2019,yXXr_R2,44.21,F,R,2,R2,11/2/2019,6
399,Late_2019,yyXX_R2,45.18,F,R,2,R2,11/2/2019,6
400,Early_2017,BBBY_S1,41,F,S,1,S1,4/9/2017,1
401,Early_2017,OxOO_S1,38,M,S,1,S1,4/9/2017,1
402,Early_2017,OxOR_S1,39,F,S,1,S1,4/9/2017,1
403,Early_2017,OxRB_S1,38.25,F,S,1,S1,4/9/2017,1
404,Early_2017,OxRY_S1,27.5,F,S,1,S1,4/9/2017,1
405,Early_2017,OYOR_S1,41.5,F,S,1,S1,4/9/2017,1
406,Early_2017,OYRO_S1,42.5,F,S,1,S1,4/9/2017,1
407,Early_2017,RBxR_S1,37,M,S,1,S1,4/9/2017,1
408,Early_2017,ROBx_S1,38.5,F,S,1,S1,4/9/2017,1
409,Early_2017,ROOx_S1,36,M,S,1,S1,4/9/2017,1
410,Early_2017,RORx_S1,45.75,F,S,1,S1,4/9/2017,1
411,Early_2017,ROxB_S1,35,F,S,1,S1,4/9/2017,1
412,Early_2017,ROxY_S1,31,F,S,1,S1,4/9/2017,1
413,Early_2017,ROYx_S1,38.25,M,S,1,S1,4/9/2017,1
414,Early_2017,RRBx_S1,36.5,U,S,1,S1,4/9/2017,1
415,Early_2017,RROR_S1,38.5,M,S,1,S1,4/9/2017,1
416,Early_2017,RRRR_S1,40,F,S,1,S1,4/9/2017,1
417,Early_2017,RRYR_S1,28.5,U,S,1,S1,4/9/2017,1
418,Early_2017,RxOR_S1,32.75,M,S,1,S1,4/9/2017,1
419,Early_2017,RxOY_S1,39,F,S,1,S1,4/9/2017,1
420,Early_2017,RxRB_S1,40,F,S,1,S1,4/9/2017,1
421,Early_2017,RxRO_S1,41,F,S,1,S1,4/9/2017,1
422,Early_2017,RxRR_S1,40.5,F,S,1,S1,4/9/2017,1
423,Early_2017,RxRY_S1,39.5,F,S,1,S1,4/9/2017,1
424,Early_2017,RYBx_S1,35.5,U,S,1,S1,4/9/2017,1
425,Early_2017,RYOx_S1,37,F,S,1,S1,4/9/2017,1
426,Early_2017,RYRx_S1,37.75,F,S,1,S1,4/9/2017,1
427,Early_2017,RYxB_S1,38.5,M,S,1,S1,4/9/2017,1
428,Early_2017,RYxO_S1,32.5,U,S,1,S1,4/9/2017,1
429,Early_2017,RYxR_S1,28.5,U,S,1,S1,4/9/2017,1
430,Early_2017,RYxY_S1,41.5,F,S,1,S1,4/9/2017,1
431,Early_2017,RYYx_S1,39.2,F,S,1,S1,4/9/2017,1
432,Early_2017,RYYY_S1,43.5,F,S,1,S1,4/9/2017,1
433,Early_2017,xBBB_S1,35,M,S,1,S1,4/9/2017,1
434,Early_2017,xBBY_S1,44.5,F,S,1,S1,4/9/2017,1
435,Early_2017,xBxB_S1,41,M,S,1,S1,4/9/2017,1
436,Early_2017,xRYB_S1,29,U,S,1,S1,4/9/2017,1
437,Early_2017,xxBO_S1,37,F,S,1,S1,4/9/2017,1
438,Early_2017,xxBR_S1,36.5,M,S,1,S1,4/9/2017,1
439,Early_2017,xxOx_S1,31.1,U,S,1,S1,4/9/2017,1
440,Early_2017,xxRB_S1,39.1,F,S,1,S1,4/9/2017,1
441,Early_2017,xxxO_S1,30.5,M,S,1,S1,4/9/2017,1
442,Early_2017,xxxR_S1,27.5,U,S,1,S1,4/9/2017,1
443,Early_2017,xxxY_S1,35,U,S,1,S1,4/9/2017,1
444,Early_2017,xxYB_S1,40,M,S,1,S1,4/9/2017,1
445,Early_2017,xxYY_S1,41,F,S,1,S1,4/9/2017,1
446,Early_2017,xYBO_S1,42,F,S,1,S1,4/9/2017,1
447,Early_2017,xYBR_S1,45,F,S,1,S1,4/9/2017,1
448,Early_2017,xYOB_S1,38.5,F,S,1,S1,4/9/2017,1
449,Early_2017,xYOx_S1,45,F,S,1,S1,4/9/2017,1
450,Early_2017,xYOY_S1,30.5,U,S,1,S1,4/9/2017,1
451,Early_2017,xYYB_S1,40,F,S,1,S1,4/9/2017,1
452,Early_2017,xYYO_S1,38.5,U,S,1,S1,4/9/2017,1
453,Early_2017,xYYR_S1,35.25,F,S,1,S1,4/9/2017,1
454,Early_2017,xYYY_S1,37,F,S,1,S1,4/9/2017,1
455,Early_2017,YYBR_S1,38,F,S,1,S1,4/9/2017,1
456,Early_2017,YYYY_S1,40,M,S,1,S1,4/9/2017,1
457,Late_2017,BxOx_S1,33.76,F,S,1,S1,11/12/2017,2
458,Late_2017,BxRx_S1,40.56,F,S,1,S1,11/12/2017,2
459,Late_2017,BxxB_S1,31.4,M,S,1,S1,11/12/2017,2
460,Late_2017,BxxO_S1,36.57,M,S,1,S1,11/12/2017,2
461,Late_2017,BxxR_S1,40.01,M,S,1,S1,11/12/2017,2
462,Late_2017,BxxY_S1,36.73,F,S,1,S1,11/12/2017,2
463,Late_2017,BxYx_S1,38.24,F,S,1,S1,11/12/2017,2
464,Late_2017,BYxB_S1,38,M,S,1,S1,11/12/2017,2
465,Late_2017,OOxO_S1,36,M,S,1,S1,11/12/2017,2
466,Late_2017,OOxY_S1,44,F,S,1,S1,11/12/2017,2
467,Late_2017,OxOB_S1,38,F,S,1,S1,11/12/2017,2
468,Late_2017,OxOO_S1,38,M,S,1,S1,11/12/2017,2
469,Late_2017,OxOx_S1,35.5,M,S,1,S1,11/12/2017,2
470,Late_2017,OxRB_S1,38.9,F,S,1,S1,11/12/2017,2
471,Late_2017,OxRO_S1,34.86,M,S,1,S1,11/12/2017,2
472,Late_2017,OxRx_S1,36.7,M,S,1,S1,11/12/2017,2
473,Late_2017,OxRY_S1,31.55,F,S,1,S1,11/12/2017,2
474,Late_2017,OxxB_S1,35.4,F,S,1,S1,11/12/2017,2
475,Late_2017,OxxO_S1,29.7,F,S,1,S1,11/12/2017,2
476,Late_2017,OxxR_S1,33.1,M,S,1,S1,11/12/2017,2
477,Late_2017,OxxY_S1,30.1,F,S,1,S1,11/12/2017,2
478,Late_2017,OxYx_S1,29,U,S,1,S1,11/12/2017,2
479,Late_2017,RBxR_S1,37.67,M,S,1,S1,11/12/2017,2
480,Late_2017,RBxx_S1,28.7,U,S,1,S1,11/12/2017,2
481,Late_2017,ROBx_S1,40.5,F,S,1,S1,11/12/2017,2
482,Late_2017,ROYx_S1,39.575,M,S,1,S1,11/12/2017,2
483,Late_2017,RxBx_S1,38.165,U,S,1,S1,11/12/2017,2
484,Late_2017,RxOR_S1,38,M,S,1,S1,11/12/2017,2
485,Late_2017,RxOx_S1,38,M,S,1,S1,11/12/2017,2
486,Late_2017,RxRO_S1,45.5,F,S,1,S1,11/12/2017,2
487,Late_2017,RxRY_S1,40.14833333,F,S,1,S1,11/12/2017,2
488,Late_2017,RxxO_S1,36.96,F,S,1,S1,11/12/2017,2
489,Late_2017,RxxR_S1,38.205,M,S,1,S1,11/12/2017,2
490,Late_2017,RxxY_S1,43.215,M,S,1,S1,11/12/2017,2
491,Late_2017,RYBx_S1,38,U,S,1,S1,11/12/2017,2
492,Late_2017,RYRR_S1,35.3,M,S,1,S1,11/12/2017,2
493,Late_2017,RYRY_S1,32.9,M,S,1,S1,11/12/2017,2
494,Late_2017,xBBx_S1,35.455,F,S,1,S1,11/12/2017,2
495,Late_2017,xBRx_S1,30.39,U,S,1,S1,11/12/2017,2
496,Late_2017,xBxB_S1,41.245,M,S,1,S1,11/12/2017,2
497,Late_2017,xBxO_S1,38.195,M,S,1,S1,11/12/2017,2
498,Late_2017,xBxR_S1,39.62,F,S,1,S1,11/12/2017,2
499,Late_2017,xBYx_S1,36.945,F,S,1,S1,11/12/2017,2
500,Late_2017,XOOX_S1,41.8,M,S,1,S1,11/12/2017,2
501,Late_2017,xORR_S1,31.79,F,S,1,S1,11/12/2017,2
502,Late_2017,xRBB_S1,31.43,F,S,1,S1,11/12/2017,2
503,Late_2017,xRBO_S1,37.45,M,S,1,S1,11/12/2017,2
504,Late_2017,xRBR_S1,37.41,F,S,1,S1,11/12/2017,2
505,Late_2017,xRBY_S1,37.88,F,S,1,S1,11/12/2017,2
506,Late_2017,xRRO_S1,43.41666667,M,S,1,S1,11/12/2017,2
507,Late_2017,xRRY_S1,34.1,M,S,1,S1,11/12/2017,2
508,Late_2017,xRYB_S1,35.015,U,S,1,S1,11/12/2017,2
509,Late_2017,xxBO_S1,38.925,F,S,1,S1,11/12/2017,2
510,Late_2017,xxBR_S1,39.34,M,S,1,S1,11/12/2017,2
511,Late_2017,xxOx_S1,31.1,U,S,1,S1,11/12/2017,2
512,Late_2017,xxRB_S1,39.1,F,S,1,S1,11/12/2017,2
513,Late_2017,xxxO_S1,37.5675,M,S,1,S1,11/12/2017,2
514,Late_2017,xxYB_S1,40.305,M,S,1,S1,11/12/2017,2
515,Late_2017,xxYO_S1,27.55,U,S,1,S1,11/12/2017,2
516,Late_2017,xYBx_S1,32.16,F,S,1,S1,11/12/2017,2
517,Late_2017,xYOB_S1,38.5,F,S,1,S1,11/12/2017,2
518,Late_2017,xYOx_S1,55.75,F,S,1,S1,11/12/2017,2
519,Late_2017,xYRx_S1,38.8525,M,S,1,S1,11/12/2017,2
520,Late_2017,xYxB_S1,34.855,M,S,1,S1,11/12/2017,2
521,Late_2017,xYxY_S1,35.1,M,S,1,S1,11/12/2017,2
522,Late_2017,xYYB_S1,40,F,S,1,S1,11/12/2017,2
523,Late_2017,xYYx_S1,34.77,F,S,1,S1,11/12/2017,2
524,Late_2017,xYYY_S1,40.8,F,S,1,S1,11/12/2017,2
525,Late_2017,Ybxx_S1,38,M,S,1,S1,11/12/2017,2
526,Late_2017,YOOx_S1,39.5,M,S,1,S1,11/12/2017,2
527,Late_2017,YxRx_S1,42.285,M,S,1,S1,11/12/2017,2
528,Late_2017,YxxY_S1,37.2,F,S,1,S1,11/12/2017,2
529,Late_2017,YYYY_S1,40,M,S,1,S1,11/12/2017,2
530,Early_2018,BxOx_S1,33.76,F,S,1,S1,4/8/2018,3
531,Early_2018,BxRx_S1,40.56,F,S,1,S1,4/8/2018,3
532,Early_2018,BxxY_S1,39.95,F,S,1,S1,4/8/2018,3
533,Early_2018,BxYx_S1,38.24,F,S,1,S1,4/8/2018,3
534,Early_2018,OxOO_S1,38.95,M,S,1,S1,4/8/2018,3
535,Early_2018,OxRx_S1,36.7,M,S,1,S1,4/8/2018,3
536,Early_2018,OxRY_S1,37.14,F,S,1,S1,4/8/2018,3
537,Early_2018,RBxR_S1,40.425,M,S,1,S1,4/8/2018,3
538,Early_2018,ROxB_S1,35,F,S,1,S1,4/8/2018,3
539,Early_2018,ROxY_S1,37.16,F,S,1,S1,4/8/2018,3
540,Early_2018,ROYx_S1,39.87,M,S,1,S1,4/8/2018,3
541,Early_2018,RxRB_S1,43.63,F,S,1,S1,4/8/2018,3
542,Early_2018,RxRR_S1,44.53,F,S,1,S1,4/8/2018,3
543,Early_2018,xBBB_S1,39.57,M,S,1,S1,4/8/2018,3
544,Early_2018,xBBR_S1,35.87,M,S,1,S1,4/8/2018,3
546,Early_2018,xBYx_S1,36.945,F,S,1,S1,4/8/2018,3
547,Early_2018,xOOO_S1,45.17,F,S,1,S1,4/8/2018,3
548,Early_2018,xORB_S1,39.05,M,S,1,S1,4/8/2018,3
549,Early_2018,xORR_S1,31.79,F,S,1,S1,4/8/2018,3
550,Early_2018,xORY_S1,33.46,F,S,1,S1,4/8/2018,3
551,Early_2018,xOxO_S1,45.36,F,S,1,S1,4/8/2018,3
552,Early_2018,xRBB_S1,44.635,F,S,1,S1,4/8/2018,3
554,Early_2018,xRBx_S1,45.26,F,S,1,S1,4/8/2018,3
555,Early_2018,xRBY_S1,39.555,F,S,1,S1,4/8/2018,3
556,Early_2018,xRxB_S1,34.1,M,S,1,S1,4/8/2018,3
557,Early_2018,xxOx_S1,35.08,U,S,1,S1,4/8/2018,3
558,Early_2018,xxRx_S1,40.62,F,S,1,S1,4/8/2018,3
559,Early_2018,xxYB_S1,40.95,M,S,1,S1,4/8/2018,3
560,Early_2018,xYOR_S1,44.1,F,S,1,S1,4/8/2018,3
561,Early_2018,YBxB_S1,41.41,M,S,1,S1,4/8/2018,3
562,Early_2018,YOOx_S1,41.21,M,S,1,S1,4/8/2018,3
563,Late_2018,BBOx_S1,33.03,M,S,1,S1,11/11/2018,4
564,Late_2018,BBRx_S1,38.7,F,S,1,S1,11/11/2018,4
565,Late_2018,BBxB_S1,40.27,F,S,1,S1,11/11/2018,4
566,Late_2018,BBxO_S1,41.45,M,S,1,S1,11/11/2018,4
567,Late_2018,BOBx_S1,43.94,F,S,1,S1,11/11/2018,4
568,Late_2018,BOOx_S1,33.02,U,S,1,S1,11/11/2018,4
569,Late_2018,BORx_S1,32,U,S,1,S1,11/11/2018,4
570,Late_2018,BxOB_S1,36.03,M,S,1,S1,11/11/2018,4
571,Late_2018,BxOR_S1,32.53,U,S,1,S1,11/11/2018,4
572,Late_2018,BxxY_S1,42.65,F,S,1,S1,11/11/2018,4
573,Late_2018,OBOx_S1,44.85,M,S,1,S1,11/11/2018,4
574,Late_2018,OOBx_S1,39.05,F,S,1,S1,11/11/2018,4
575,Late_2018,OOOx_S1,42.98,M,S,1,S1,11/11/2018,4
576,Late_2018,OORx_S1,36.32,F,S,1,S1,11/11/2018,4
577,Late_2018,OOxB_S1,44.07,F,S,1,S1,11/11/2018,4
578,Late_2018,OOxx_S1,34.65,M,S,1,S1,11/11/2018,4
579,Late_2018,OOYx_S1,39.48,F,S,1,S1,11/11/2018,4
580,Late_2018,OxBx_S1,40.26,F,S,1,S1,11/11/2018,4
581,Late_2018,OxRO_S1,41.55,M,S,1,S1,11/11/2018,4
582,Late_2018,OxRx_S1,39.01,M,S,1,S1,11/11/2018,4
583,Late_2018,OxxY_S1,36.53,F,S,1,S1,11/11/2018,4
584,Late_2018,OxYR_S1,40.15,M,S,1,S1,11/11/2018,4
585,Late_2018,OxYY_S1,34.74,M,S,1,S1,11/11/2018,4
586,Late_2018,OYxR_S1,38.75,M,S,1,S1,11/11/2018,4
587,Late_2018,RBOB_S1,37.45,F,S,1,S1,11/11/2018,4
588,Late_2018,ROBB_S1,39.37,M,S,1,S1,11/11/2018,4
589,Late_2018,ROxO_S1,36.84,M,S,1,S1,11/11/2018,4
590,Late_2018,ROYx_S1,40.36,M,S,1,S1,11/11/2018,4
591,Late_2018,RRBB_S1,45.47,M,S,1,S1,11/11/2018,4
592,Late_2018,RRBO_S1,37.72,F,S,1,S1,11/11/2018,4
593,Late_2018,RRBR_S1,38.5,M,S,1,S1,11/11/2018,4
594,Late_2018,RROB_S1,41.66,F,S,1,S1,11/11/2018,4
595,Late_2018,RxOY_S1,40,F,S,1,S1,11/11/2018,4
596,Late_2018,RxRR_S1,44.53,F,S,1,S1,11/11/2018,4
597,Late_2018,RxRY_S1,40.24,F,S,1,S1,11/11/2018,4
598,Late_2018,RYYx_S1,39.2,F,S,1,S1,11/11/2018,4
599,Late_2018,xBBR_S1,41.91,M,S,1,S1,11/11/2018,4
600,Late_2018,xBBY_S1,46.05,F,S,1,S1,11/11/2018,4
601,Late_2018,xOBO_S1,45,F,S,1,S1,11/11/2018,4
602,Late_2018,xOBR_S1,39.46,F,S,1,S1,11/11/2018,4
603,Late_2018,xOBY_S1,35.48,U,S,1,S1,11/11/2018,4
604,Late_2018,xOOB_S1,35.07,F,S,1,S1,11/11/2018,4
605,Late_2018,xOOO_S1,45.87,F,S,1,S1,11/11/2018,4
606,Late_2018,xOOY_S1,37.89,F,S,1,S1,11/11/2018,4
607,Late_2018,xOxx_S1,38.48,M,S,1,S1,11/11/2018,4
608,Late_2018,xOYO_S1,33.08,U,S,1,S1,11/11/2018,4
609,Late_2018,xOYR_S1,39.02,M,S,1,S1,11/11/2018,4
610,Late_2018,xOYY_S1,36.38,F,S,1,S1,11/11/2018,4
611,Late_2018,xRBB_S1,44.635,F,S,1,S1,11/11/2018,4
612,Late_2018,xRBO_S1,37.45,M,S,1,S1,11/11/2018,4
613,Late_2018,xRRY_S1,36.76,M,S,1,S1,11/11/2018,4
614,Late_2018,xxBR_S1,40.16,M,S,1,S1,11/11/2018,4
615,Late_2018,xxBx_S1,28.27,U,S,1,S1,11/11/2018,4
616,Late_2018,xxYO_S1,27.55,U,S,1,S1,11/11/2018,4
617,Late_2018,xxYR_S1,29.4,U,S,1,S1,11/11/2018,4
618,Late_2018,xYOO_S1,38.06,F,S,1,S1,11/11/2018,4
619,Late_2018,xYxY_S1,42.67,M,S,1,S1,11/11/2018,4
620,Late_2018,xYYR_S1,39.86,F,S,1,S1,11/11/2018,4
621,Late_2018,YBxx_S1,40.44,M,S,1,S1,11/11/2018,4
622,Late_2018,YxOB_S1,41.27,F,S,1,S1,11/11/2018,4
623,Late_2018,YxOO_S1,33.12,M,S,1,S1,11/11/2018,4
624,Late_2018,YxOY_S1,32.99,M,S,1,S1,11/11/2018,4
625,Late_2018,YxRB_S1,37.14,M,S,1,S1,11/11/2018,4
626,Late_2018,YxRO_S1,25.67,U,S,1,S1,11/11/2018,4
627,Late_2018,YxRY_S1,39.16,F,S,1,S1,11/11/2018,4
628,Early_2019,BBBB_S1,45.69,F,S,1,S1,4/6/2019,5
629,Early_2019,BBOx_S1,33.03,M,S,1,S1,4/6/2019,5
630,Early_2019,BBRB_S1,31.9,U,S,1,S1,4/6/2019,5
631,Early_2019,BBRx_S1,41.87,F,S,1,S1,4/6/2019,5
632,Early_2019,BBxB_S1,42.52,F,S,1,S1,4/6/2019,5
633,Early_2019,BBxO_S1,44.05,M,S,1,S1,4/6/2019,5
634,Early_2019,BBYx_S1,30.31,U,S,1,S1,4/6/2019,5
635,Early_2019,BOBx_S1,47.59,F,S,1,S1,4/6/2019,5
636,Early_2019,BOOx_S1,34.41,U,S,1,S1,4/6/2019,5
637,Early_2019,BxOB_S1,37.87,M,S,1,S1,4/6/2019,5
638,Early_2019,BxRx_S1,43.06,F,S,1,S1,4/6/2019,5
639,Early_2019,BxYB_S1,31.42,U,S,1,S1,4/6/2019,5
640,Early_2019,BxYR_S1,31.61,U,S,1,S1,4/6/2019,5
641,Early_2019,BxYY_S1,29.21,U,S,1,S1,4/6/2019,5
642,Early_2019,BYOR_S1,47.65,F,S,1,S1,4/6/2019,5
643,Early_2019,BYOx_S1,41.46,M,S,1,S1,4/6/2019,5
644,Early_2019,BYRx_S1,29.01,U,S,1,S1,4/6/2019,5
645,Early_2019,BYxO_S1,29.31,U,S,1,S1,4/6/2019,5
646,Early_2019,BYxR_S1,44.04,F,S,1,S1,4/6/2019,5
647,Early_2019,BYYx_S1,42.16,F,S,1,S1,4/6/2019,5
648,Early_2019,OOBx_S1,43.8,F,S,1,S1,4/6/2019,5
649,Early_2019,OOYx_S1,45.4,F,S,1,S1,4/6/2019,5
650,Early_2019,OxRB_S1,42.69,F,S,1,S1,4/6/2019,5
651,Early_2019,OYOR_S1,46.34,F,S,1,S1,4/6/2019,5
652,Early_2019,RBxR_S1,41.43,M,S,1,S1,4/6/2019,5
653,Early_2019,ROxO_S1,41.57,M,S,1,S1,4/6/2019,5
654,Early_2019,ROYX_S1,46.22,M,S,1,S1,4/6/2019,5
655,Early_2019,RRBO_S1,40.29,F,S,1,S1,4/6/2019,5
656,Early_2019,RRBY_S1,38.04,M,S,1,S1,4/6/2019,5
657,Early_2019,RROB_S1,43.4,F,S,1,S1,4/6/2019,5
658,Early_2019,RRYB_S1,38.2,U,S,1,S1,4/6/2019,5
659,Early_2019,RRYO_S1,34.62,U,S,1,S1,4/6/2019,5
660,Early_2019,RRYY_S1,43.59,F,S,1,S1,4/6/2019,5
661,Early_2019,RxYY_S1,42.09,F,S,1,S1,4/6/2019,5
662,Early_2019,RYOO_S1,41.43,M,S,1,S1,4/6/2019,5
663,Early_2019,RYOY_S1,41.74,F,S,1,S1,4/6/2019,5
664,Early_2019,RYRB_S1,42.87,M,S,1,S1,4/6/2019,5
665,Early_2019,RYRO_S1,36.38,F,S,1,S1,4/6/2019,5
666,Early_2019,RYRR_S1,43.45,M,S,1,S1,4/6/2019,5
667,Early_2019,RYRY_S1,40.27,M,S,1,S1,4/6/2019,5
668,Early_2019,xBBB_S1,41.5,M,S,1,S1,4/6/2019,5
669,Early_2019,xOOO_S1,48.92,F,S,1,S1,4/6/2019,5
670,Early_2019,xORO_S1,45.95,F,S,1,S1,4/6/2019,5
671,Early_2019,YRxR_S1,33.17,U,S,1,S1,4/6/2019,5
672,Early_2019,YxRY_S1,41.5,F,S,1,S1,4/6/2019,5
673,Early_2019,YxxY_S1,44.38,F,S,1,S1,4/6/2019,5
674,Early_2019,YYYY_S1,44.49,M,S,1,S1,4/6/2019,5
675,Late_2019,BBRx_S1,41.87,F,S,1,S1,11/2/2019,6
676,Late_2019,BBxB_S1,42.52,F,S,1,S1,11/2/2019,6
677,Late_2019,BOYR_S1,42.87,F,S,1,S1,11/2/2019,6
678,Late_2019,BxOB_S1,37.87,M,S,1,S1,11/2/2019,6
679,Late_2019,BYRx_S1,29.01,U,S,1,S1,11/2/2019,6
680,Late_2019,BYxO_S1,30.37,U,S,1,S1,11/2/2019,6
681,Late_2019,BYxR_S1,44.04,F,S,1,S1,11/2/2019,6
682,Late_2019,BYxY_S1,37.6,U,S,1,S1,11/2/2019,6
683,Late_2019,BYYR_S1,40.2,F,S,1,S1,11/2/2019,6
684,Late_2019,OOOx_S1,46.17,M,S,1,S1,11/2/2019,6
685,Late_2019,OROO_S1,45.19,F,S,1,S1,11/2/2019,6
686,Late_2019,OROR_S1,39.41,F,S,1,S1,11/2/2019,6
687,Late_2019,ORRB_S1,41.18,F,S,1,S1,11/2/2019,6
688,Late_2019,ORRO_S1,36.1,M,S,1,S1,11/2/2019,6
689,Late_2019,ORRY_S1,40.75,M,S,1,S1,11/2/2019,6
690,Late_2019,OxRB_S1,42.69,F,S,1,S1,11/2/2019,6
691,Late_2019,RBBB_S1,41.25,F,S,1,S1,11/2/2019,6
692,Late_2019,RBBO_S1,36.28,U,S,1,S1,11/2/2019,6
693,Late_2019,RBBR_S1,30.97,F,S,1,S1,11/2/2019,6
694,Late_2019,RBBY_S1,40.72,M,S,1,S1,11/2/2019,6
695,Late_2019,RBOB_S1,39.38,F,S,1,S1,11/2/2019,6
696,Late_2019,RBxR_S1,43.93,M,S,1,S1,11/2/2019,6
697,Late_2019,RBYB_S1,35.06,F,S,1,S1,11/2/2019,6
698,Late_2019,RBYO_S1,33.09,F,S,1,S1,11/2/2019,6
699,Late_2019,ROxO_S1,41.57,M,S,1,S1,11/2/2019,6
700,Late_2019,RRBO_S1,40.29,F,S,1,S1,11/2/2019,6
701,Late_2019,RRBY_S1,38.04,M,S,1,S1,11/2/2019,6
702,Late_2019,RRxB_S1,37.15,U,S,1,S1,11/2/2019,6
703,Late_2019,RYOO_S1,41.43,M,S,1,S1,11/2/2019,6
704,Late_2019,RYxx_S1,41.4,F,S,1,S1,11/2/2019,6
705,Late_2019,xORO_S1,46.05,F,S,1,S1,11/2/2019,6
706,Late_2019,xRBO_S1,39.785,M,S,1,S1,11/2/2019,6
707,Late_2019,xRRY_S1,38.19,M,S,1,S1,11/2/2019,6
708,Late_2019,xxBR_S1,41.46333333,M,S,1,S1,11/2/2019,6
709,Late_2019,xYYY_S1,42.16,F,S,1,S1,11/2/2019,6
710,Late_2019,YRxB_S1,32.77,U,S,1,S1,11/2/2019,6
711,Late_2019,YRXO_S1,28.39,M,S,1,S1,11/2/2019,6
712,Late_2019,YRxY_S1,40.23,F,S,1,S1,11/2/2019,6
713,Late_2019,YxOB_S1,44.38,F,S,1,S1,11/2/2019,6
714,Late_2019,YxRY_S1,42.34,F,S,1,S1,11/2/2019,6
715,Late_2019,YxYB_S1,38.63,F,S,1,S1,11/2/2019,6
716,Early_2017,BBRB_S2,40.5,F,S,1,S2,4/9/2017,1
717,Early_2017,BRBx_S2,39,F,S,1,S2,4/9/2017,1
718,Early_2017,BRYx_S2,39,F,S,1,S2,4/9/2017,1
719,Early_2017,BxOO_S2,40.75,F,S,1,S2,4/9/2017,1
720,Early_2017,ORxR_S2,39.75,M,S,1,S2,4/9/2017,1
721,Early_2017,OxBB_S2,37,M,S,1,S2,4/9/2017,1
722,Early_2017,OxBO_S2,35.25,M,S,1,S2,4/9/2017,1
723,Early_2017,OxOY_S2,35.5,U,S,1,S2,4/9/2017,1
724,Early_2017,OxRR_S2,41,F,S,1,S2,4/9/2017,1
725,Early_2017,OxYB_S2,39.75,M,S,1,S2,4/9/2017,1
726,Early_2017,OxYY_S2,40.5,F,S,1,S2,4/9/2017,1
727,Early_2017,OYRB_S2,42.5,F,S,1,S2,4/9/2017,1
728,Early_2017,OYYB_S2,42,M,S,1,S2,4/9/2017,1
729,Early_2017,RBBx_S2,39.5,F,S,1,S2,4/9/2017,1
730,Early_2017,RBOO_S2,40,M,S,1,S2,4/9/2017,1
731,Early_2017,RBOx_S2,37,M,S,1,S2,4/9/2017,1
732,Early_2017,RBRx_S2,41.5,F,S,1,S2,4/9/2017,1
733,Early_2017,RBxB_S2,35.9,M,S,1,S2,4/9/2017,1
734,Early_2017,RBxO_S2,37.5,U,S,1,S2,4/9/2017,1
735,Early_2017,RBxY_S2,41,F,S,1,S2,4/9/2017,1
736,Early_2017,RBYx_S2,39,M,S,1,S2,4/9/2017,1
737,Early_2017,ROOB_S2,39.5,M,S,1,S2,4/9/2017,1
738,Early_2017,ROxR_S2,42,F,S,1,S2,4/9/2017,1
739,Early_2017,RROO_S2,34,M,S,1,S2,4/9/2017,1
740,Early_2017,RROx_S2,38.5,F,S,1,S2,4/9/2017,1
741,Early_2017,RRRx_S2,37.5,M,S,1,S2,4/9/2017,1
742,Early_2017,RRxB_S2,36.25,M,S,1,S2,4/9/2017,1
743,Early_2017,RRxR_S2,44.5,M,S,1,S2,4/9/2017,1
744,Early_2017,RRxY_S2,41,F,S,1,S2,4/9/2017,1
745,Early_2017,RxBB_S2,38,F,S,1,S2,4/9/2017,1
746,Early_2017,RxBO_S2,39,U,S,1,S2,4/9/2017,1
747,Early_2017,RxBR_S2,39.25,F,S,1,S2,4/9/2017,1
748,Early_2017,RxBx_S2,37.94,F,S,1,S2,4/9/2017,1
749,Early_2017,RxBY_S2,37,U,S,1,S2,4/9/2017,1
750,Early_2017,RxOB_S2,38,M,S,1,S2,4/9/2017,1
751,Early_2017,RxOY_S2,34.25,F,S,1,S2,4/9/2017,1
752,Early_2017,RxYB_S2,46.5,M,S,1,S2,4/9/2017,1
753,Early_2017,RxYO_S2,36.5,F,S,1,S2,4/9/2017,1
754,Early_2017,RxYR_S2,38.5,F,S,1,S2,4/9/2017,1
755,Early_2017,RxYY_S2,31,U,S,1,S2,4/9/2017,1
756,Early_2017,xBBO_S2,41.5,F,S,1,S2,4/9/2017,1
757,Early_2017,xBBR_S2,41,F,S,1,S2,4/9/2017,1
758,Early_2017,xBOB_S2,37.5,F,S,1,S2,4/9/2017,1
759,Early_2017,xBOO_S2,40,F,S,1,S2,4/9/2017,1
760,Early_2017,xBOR_S2,37.5,U,S,1,S2,4/9/2017,1
761,Early_2017,xBRB_S2,38.5,F,S,1,S2,4/9/2017,1
762,Early_2017,xBRO_S2,39.5,F,S,1,S2,4/9/2017,1
763,Early_2017,xBRR_S2,40.25,F,S,1,S2,4/9/2017,1
764,Early_2017,xBRY_S2,41.25,F,S,1,S2,4/9/2017,1
765,Early_2017,xBxx_S2,31.68,U,S,1,S2,4/9/2017,1
766,Early_2017,xBxY_S2,19,U,S,1,S2,4/9/2017,1
767,Early_2017,xBYB_S2,44,F,S,1,S2,4/9/2017,1
768,Early_2017,xBYO_S2,42.75,M,S,1,S2,4/9/2017,1
769,Early_2017,xBYR_S2,35,F,S,1,S2,4/9/2017,1
770,Early_2017,xBYY_S2,42,F,S,1,S2,4/9/2017,1
771,Early_2017,xOxx_S2,37,M,S,1,S2,4/9/2017,1
772,Early_2017,xRxx_S2,32.75,U,S,1,S2,4/9/2017,1
773,Early_2017,xxBB_S2,36.5,M,S,1,S2,4/9/2017,1
774,Early_2017,xxBY_S2,32,U,S,1,S2,4/9/2017,1
775,Early_2017,xxOO_S2,39.5,M,S,1,S2,4/9/2017,1
776,Early_2017,xxOY_S2,34,M,S,1,S2,4/9/2017,1
777,Early_2017,xxRR_S2,35,F,S,1,S2,4/9/2017,1
778,Early_2017,xxRx_S2,30.5,U,S,1,S2,4/9/2017,1
779,Early_2017,xxRY_S2,39.5,F,S,1,S2,4/9/2017,1
780,Early_2017,xxxB_S2,28,U,S,1,S2,4/9/2017,1
781,Early_2017,xYBY_S2,34.5,U,S,1,S2,4/9/2017,1
782,Early_2017,xYOO_S2,35,M,S,1,S2,4/9/2017,1
783,Early_2017,xYOR_S2,36,F,S,1,S2,4/9/2017,1
784,Early_2017,xYOY_S2,36.5,M,S,1,S2,4/9/2017,1
785,Early_2017,xYRO_S2,39.75,F,S,1,S2,4/9/2017,1
786,Early_2017,xYRx_S2,39.25,M,S,1,S2,4/9/2017,1
787,Early_2017,xYRY_S2,36.5,F,S,1,S2,4/9/2017,1
788,Early_2017,xYxO_S2,37,M,S,1,S2,4/9/2017,1
789,Early_2017,xYxR_S2,32.5,M,S,1,S2,4/9/2017,1
790,Early_2017,xYxY_S2,39.965,M,S,1,S2,4/9/2017,1
791,Early_2017,xYYY_S2,38,M,S,1,S2,4/9/2017,1
792,Early_2017,YxBB_S2,37.5,U,S,1,S2,4/9/2017,1
793,Late_2017,BBxx_S2,36.2,F,S,1,S2,11/12/2017,2
794,Late_2017,BOxx_S2,44.35,M,S,1,S2,11/12/2017,2
795,Late_2017,BRBx_S2,41.5,F,S,1,S2,11/12/2017,2
796,Late_2017,BRxx_S2,41.2,M,S,1,S2,11/12/2017,2
797,Late_2017,BxBx_S2,39.38,F,S,1,S2,11/12/2017,2
798,Late_2017,OBxx_S2,26.77,F,S,1,S2,11/12/2017,2
799,Late_2017,OOxx_S2,32.69,U,S,1,S2,11/12/2017,2
800,Late_2017,ORBR_S2,41.97,M,S,1,S2,11/12/2017,2
801,Late_2017,ORxR_S2,39.79,M,S,1,S2,11/12/2017,2
802,Late_2017,OxYB_S2,41.5,M,S,1,S2,11/12/2017,2
803,Late_2017,OxYY_S2,42,F,S,1,S2,11/12/2017,2
804,Late_2017,OYxx_S2,32.02,M,S,1,S2,11/12/2017,2
805,Late_2017,RBOx_S2,37.5,M,S,1,S2,11/12/2017,2
806,Late_2017,RBxB_S2,35.9,M,S,1,S2,11/12/2017,2
807,Late_2017,RBYx_S2,40.8425,M,S,1,S2,11/12/2017,2
808,Late_2017,RROx_S2,40,F,S,1,S2,11/12/2017,2
809,Late_2017,RRRB_S2,39.36,F,S,1,S2,11/12/2017,2
810,Late_2017,RRYx_S2,40.265,M,S,1,S2,11/12/2017,2
811,Late_2017,RxBx_S2,40.5,F,S,1,S2,11/12/2017,2
812,Late_2017,RxOB_S2,38,M,S,1,S2,11/12/2017,2
813,Late_2017,RYxx_S2,38.55,M,S,1,S2,11/12/2017,2
814,Late_2017,xBBO_S2,42.98,F,S,1,S2,11/12/2017,2
815,Late_2017,xBRO_S2,42.5,F,S,1,S2,11/12/2017,2
816,Late_2017,xBRY_S2,42,F,S,1,S2,11/12/2017,2
817,Late_2017,xBxO_S2,39.85,F,S,1,S2,11/12/2017,2
818,Late_2017,xROx_S2,38.6,F,S,1,S2,11/12/2017,2
819,Late_2017,xRRB_S2,38.39,F,S,1,S2,11/12/2017,2
820,Late_2017,xRRO_S2,35.6,U,S,1,S2,11/12/2017,2
821,Late_2017,xRRR_S2,43,F,S,1,S2,11/12/2017,2
822,Late_2017,xRRx_S2,29.6,U,S,1,S2,11/12/2017,2
823,Late_2017,xRRY_S2,44,F,S,1,S2,11/12/2017,2
824,Late_2017,xRxB_S2,37.195,M,S,1,S2,11/12/2017,2
825,Late_2017,xRxR_S2,36,F,S,1,S2,11/12/2017,2
826,Late_2017,xRxY_S2,34.8,M,S,1,S2,11/12/2017,2
827,Late_2017,xxOO_S2,39.5,M,S,1,S2,11/12/2017,2
828,Late_2017,xxOR_S2,37.615,M,S,1,S2,11/12/2017,2
829,Late_2017,xxOY_S2,35.9,M,S,1,S2,11/12/2017,2
830,Late_2017,xxRB_S2,30.9,U,S,1,S2,11/12/2017,2
831,Late_2017,xxxO_S2,42.8,F,S,1,S2,11/12/2017,2
832,Late_2017,xYOO_S2,37.015,M,S,1,S2,11/12/2017,2
833,Late_2017,xYOY_S2,37.645,M,S,1,S2,11/12/2017,2
834,Late_2017,xYRx_S2,41.2,M,S,1,S2,11/12/2017,2
835,Late_2017,xYRY_S2,38.1,F,S,1,S2,11/12/2017,2
836,Late_2017,xYxY_S2,39.965,M,S,1,S2,11/12/2017,2
837,Late_2017,YOxx_S2,37.3,F,S,1,S2,11/12/2017,2
838,Late_2017,YRxx_S2,38.4,M,S,1,S2,11/12/2017,2
839,Late_2017,YxBx_S2,37.69,M,S,1,S2,11/12/2017,2
840,Late_2017,YxOx_S2,37.34,M,S,1,S2,11/12/2017,2
841,Late_2017,YxRx_S2,31.4,U,S,1,S2,11/12/2017,2
842,Late_2017,YxxB_S2,41,F,S,1,S2,11/12/2017,2
843,Late_2017,YxxO_S2,33.59,F,S,1,S2,11/12/2017,2
844,Late_2017,YxxR_S2,31.6,F,S,1,S2,11/12/2017,2
845,Late_2017,YYxx_S2,37.391,F,S,1,S2,11/12/2017,2
846,Early_2018,BxBx_S2,41.43,F,S,1,S2,4/8/2018,3
847,Early_2018,OxRx_S2,39.05,M,S,1,S2,4/8/2018,3
848,Early_2018,OxxO_S2,37.36,F,S,1,S2,4/8/2018,3
849,Early_2018,RBxB_S2,39.34,M,S,1,S2,4/8/2018,3
850,Early_2018,RBYx_S2,40.8425,M,S,1,S2,4/8/2018,3
851,Early_2018,RxOY_S2,40.15,F,S,1,S2,4/8/2018,3
852,Early_2018,xROO_S2,35.43,M,S,1,S2,4/8/2018,3
853,Early_2018,xROR_S2,34.83,F,S,1,S2,4/8/2018,3
854,Early_2018,xROY_S2,43.56,F,S,1,S2,4/8/2018,3
855,Early_2018,xRRB_S2,42.37,F,S,1,S2,4/8/2018,3
856,Early_2018,xRYx_S2,35.37,F,S,1,S2,4/8/2018,3
857,Early_2018,xxOx_S2,42.49,M,S,1,S2,4/8/2018,3
858,Early_2018,xxRR_S2,44.9,F,S,1,S2,4/8/2018,3
859,Early_2018,xxYB_S2,43,F,S,1,S2,4/8/2018,3
860,Early_2018,xYOR_S2,38.01,F,S,1,S2,4/8/2018,3
861,Early_2018,xYRx_S2,41.2,M,S,1,S2,4/8/2018,3
862,Early_2018,xYRY_S2,41.74,F,S,1,S2,4/8/2018,3
863,Early_2018,xYxO_S2,40.39,M,S,1,S2,4/8/2018,3
864,Early_2018,YxBx_S2,37.69,M,S,1,S2,4/8/2018,3
865,Early_2018,YxxO_S2,37.13,F,S,1,S2,4/8/2018,3
866,Late_2018,OBxO_S2,40.13,F,S,1,S2,11/11/2018,4
867,Late_2018,OBxR_S2,35.06,F,S,1,S2,11/11/2018,4
868,Late_2018,ORBx_S2,39.47,M,S,1,S2,11/11/2018,4
869,Late_2018,OROx_S2,39.37,M,S,1,S2,11/11/2018,4
870,Late_2018,ORRx_S2,35.7,M,S,1,S2,11/11/2018,4
871,Late_2018,ORxB_S2,35.39,M,S,1,S2,11/11/2018,4
872,Late_2018,ORxO_S2,28.93,U,S,1,S2,11/11/2018,4
873,Late_2018,ORxx_S2,38.1,M,S,1,S2,11/11/2018,4
874,Late_2018,OxBR_S2,37.56,F,S,1,S2,11/11/2018,4
875,Late_2018,OxRR_S2,44.05,F,S,1,S2,11/11/2018,4
876,Late_2018,OxxO_S2,38.4,F,S,1,S2,11/11/2018,4
877,Late_2018,OxYO_S2,41.02,F,S,1,S2,11/11/2018,4
878,Late_2018,ROOB_S2,43.34,M,S,1,S2,11/11/2018,4
879,Late_2018,ROxx_S2,38.49,F,S,1,S2,11/11/2018,4
880,Late_2018,RRRB_S2,41.86,F,S,1,S2,11/11/2018,4
881,Late_2018,RRxx_S2,42.175,F,S,1,S2,11/11/2018,4
882,Late_2018,RRYO_S2,46.46,F,S,1,S2,11/11/2018,4
883,Late_2018,Rxxx_S2,33.58,F,S,1,S2,11/11/2018,4
884,Late_2018,RYxx_S2,38.55,M,S,1,S2,11/11/2018,4
885,Late_2018,xBOY_S2,43.5,M,S,1,S2,11/11/2018,4
886,Late_2018,xBxO_S2,40.17,F,S,1,S2,11/11/2018,4
887,Late_2018,xBxx_S2,31.68,U,S,1,S2,11/11/2018,4
888,Late_2018,xOBB_S2,32.8,F,S,1,S2,11/11/2018,4
889,Late_2018,xOxR_S2,35.075,F,S,1,S2,11/11/2018,4
890,Late_2018,xRBx_S2,41,F,S,1,S2,11/11/2018,4
891,Late_2018,xROB_S2,41.9,F,S,1,S2,11/11/2018,4
892,Late_2018,xROO_S2,35.43,M,S,1,S2,11/11/2018,4
893,Late_2018,xRRR_S2,43,F,S,1,S2,11/11/2018,4
894,Late_2018,xRxB_S2,37.98,M,S,1,S2,11/11/2018,4
895,Late_2018,xRxY_S2,36.94,M,S,1,S2,11/11/2018,4
896,Late_2018,xRYO_S2,42.8,F,S,1,S2,11/11/2018,4
897,Late_2018,xRYR_S2,34.74,M,S,1,S2,11/11/2018,4
898,Late_2018,xRYY_S2,37.03,F,S,1,S2,11/11/2018,4
899,Late_2018,xxOR_S2,42.42,M,S,1,S2,11/11/2018,4
900,Late_2018,xxOY_S2,35.9,M,S,1,S2,11/11/2018,4
901,Late_2018,xYBB_S2,33.18,F,S,1,S2,11/11/2018,4
902,Late_2018,xYOR_S2,38.01,F,S,1,S2,11/11/2018,4
903,Late_2018,xYRR_S2,40.025,F,S,1,S2,11/11/2018,4
904,Late_2018,xYRY_S2,42.39,F,S,1,S2,11/11/2018,4
905,Late_2018,xYxR_S2,40.38,M,S,1,S2,11/11/2018,4
906,Late_2018,xYxx_S2,24.46,U,S,1,S2,11/11/2018,4
907,Late_2018,YxBx_S2,39.89,M,S,1,S2,11/11/2018,4
908,Late_2018,YxxO_S2,37.22,F,S,1,S2,11/11/2018,4
909,Late_2018,YxxR_S2,31.6,F,S,1,S2,11/11/2018,4
910,Late_2018,YxxY_S2,42.67,M,S,1,S2,11/11/2018,4
911,Late_2018,Yyxx_S2,41.84,F,S,1,S2,11/11/2018,4
912,Early_2019,BROx_S2,39.8,M,S,1,S2,4/6/2019,5
913,Early_2019,BRRx_S2,38.53,M,S,1,S2,4/6/2019,5
914,Early_2019,BRxB_S2,38.86,F,S,1,S2,4/6/2019,5
915,Early_2019,BRxO_S2,27.63,U,S,1,S2,4/6/2019,5
916,Early_2019,BRxR_S2,37.96,M,S,1,S2,4/6/2019,5
917,Early_2019,BRxY_S2,35.99,F,S,1,S2,4/6/2019,5
918,Early_2019,BRYx_S2,45.85,F,S,1,S2,4/6/2019,5
919,Early_2019,BxBB_S2,42.15,F,S,1,S2,4/6/2019,5
920,Early_2019,BxBO_S2,41.41,F,S,1,S2,4/6/2019,5
921,Early_2019,BxBx_S2,43.05,F,S,1,S2,4/6/2019,5
922,Early_2019,BxBY_S2,38.39,M,S,1,S2,4/6/2019,5
923,Early_2019,BxRB_S2,31.52,U,S,1,S2,4/6/2019,5
924,Early_2019,BxRO_S2,35.83,U,S,1,S2,4/6/2019,5
925,Early_2019,BxRY_S2,42.61,F,S,1,S2,4/6/2019,5
926,Early_2019,OBxO_S2,40.98,F,S,1,S2,4/6/2019,5
927,Early_2019,OBxY_S2,37.495,U,S,1,S2,4/6/2019,5
928,Early_2019,OBYx_S2,31.29,M,S,1,S2,4/6/2019,5
929,Early_2019,OOxR_S2,43.17,F,S,1,S2,4/6/2019,5
930,Early_2019,ORBx_S2,42.75,M,S,1,S2,4/6/2019,5
931,Early_2019,ORxY_S2,43.97,F,S,1,S2,4/6/2019,5
932,Early_2019,ORYx_S2,43.83,F,S,1,S2,4/6/2019,5
933,Early_2019,OxBR_S2,39.14,F,S,1,S2,4/6/2019,5
934,Early_2019,OYOx_S2,39.04,F,S,1,S2,4/6/2019,5
935,Early_2019,OYRx_S2,32.2,U,S,1,S2,4/6/2019,5
936,Early_2019,OYxB_S2,42.06,F,S,1,S2,4/6/2019,5
937,Early_2019,OYxO_S2,31.33,U,S,1,S2,4/6/2019,5
938,Early_2019,OYxY_S2,43.11,M,S,1,S2,4/6/2019,5
939,Early_2019,OYYx_S2,37.695,M,S,1,S2,4/6/2019,5
940,Early_2019,RBBx_S2,46.19,F,S,1,S2,4/6/2019,5
941,Early_2019,xBBR_S2,47.6,F,S,1,S2,4/6/2019,5
942,Early_2019,xROO_S2,41.53,M,S,1,S2,4/6/2019,5
943,Early_2019,xRxB_S2,38.37,M,S,1,S2,4/6/2019,5
944,Early_2019,xRYY_S2,42.1,F,S,1,S2,4/6/2019,5
945,Early_2019,xYxO_S2,40.39,M,S,1,S2,4/6/2019,5
946,Late_2019,BOxO_S2,36.135,U,S,1,S2,11/2/2019,6
947,Late_2019,BOxR_S2,29.2,U,S,1,S2,11/2/2019,6
948,Late_2019,BRxY_S2,35.99,F,S,1,S2,11/2/2019,6
949,Late_2019,BRYx_S2,45.85,F,S,1,S2,11/2/2019,6
950,Late_2019,BxBO_S2,41.41,F,S,1,S2,11/2/2019,6
951,Late_2019,BxBx_S2,43.05,F,S,1,S2,11/2/2019,6
952,Late_2019,BxBY_S2,38.39,M,S,1,S2,11/2/2019,6
953,Late_2019,BxRR_S2,41.03,F,S,1,S2,11/2/2019,6
954,Late_2019,OBOx_S2,43.91,M,S,1,S2,11/2/2019,6
955,Late_2019,OBRx_S2,34.6,U,S,1,S2,11/2/2019,6
956,Late_2019,OBxB_S2,36.67,F,S,1,S2,11/2/2019,6
957,Late_2019,OBxO_S2,41.91,F,S,1,S2,11/2/2019,6
958,Late_2019,OBxR_S2,35.06,F,S,1,S2,11/2/2019,6
959,Late_2019,OBYx_S2,31.29,M,S,1,S2,11/2/2019,6
960,Late_2019,ORBx_S2,42.75,M,S,1,S2,11/2/2019,6
961,Late_2019,ORYx_S2,43.83,F,S,1,S2,11/2/2019,6
962,Late_2019,OxBR_S2,39.14,F,S,1,S2,11/2/2019,6
963,Late_2019,OxRx_S2,44.68,M,S,1,S2,11/2/2019,6
964,Late_2019,OYBY_S2,40.89,F,S,1,S2,11/2/2019,6
965,Late_2019,OYOx_S2,39.04,F,S,1,S2,11/2/2019,6
966,Late_2019,OYxY_S2,43.11,M,S,1,S2,11/2/2019,6
967,Late_2019,RBYY_S2,37.46,M,S,1,S2,11/2/2019,6
968,Late_2019,ROBO_S2,45.69,F,S,1,S2,11/2/2019,6
969,Late_2019,ROBY_S2,33.765,U,S,1,S2,11/2/2019,6
970,Late_2019,RORR_S2,41.1,M,S,1,S2,11/2/2019,6
971,Late_2019,ROYB_S2,41.38,F,S,1,S2,11/2/2019,6
972,Late_2019,RRxx_S2,44.42,F,S,1,S2,11/2/2019,6
973,Late_2019,RYOB_S2,35.16,F,S,1,S2,11/2/2019,6
974,Late_2019,RYYR_S2,34.81,U,S,1,S2,11/2/2019,6
975,Late_2019,xOxR_S2,36.245,F,S,1,S2,11/2/2019,6
976,Late_2019,xOYR_S2,40.52,M,S,1,S2,11/2/2019,6
977,Late_2019,xROO_S2,41.53,M,S,1,S2,11/2/2019,6
978,Late_2019,xRxB_S2,38.705,M,S,1,S2,11/2/2019,6
979,Late_2019,xRYx_S2,43.155,F,S,1,S2,11/2/2019,6
980,Late_2019,xRYY_S2,42.1,F,S,1,S2,11/2/2019,6
981,Late_2019,xYOR_S2,39.69666667,F,S,1,S2,11/2/2019,6
982,Late_2019,xYRR_S2,43.76,F,S,1,S2,11/2/2019,6
983,Late_2019,YBxR_S2,31.79,M,S,1,S2,11/2/2019,6
